{
    "logo": {
        "offset": {
            "x": 0.0,
            "y": 0.0
        },
        "size": {
            "x": 130.0,
            "y": 130.0
        }
    },
    "text_field": {
        "Category": {
            "font_size": 14.0,
            "offset": {
                "x": 50.0,
                "y": 195.0
            },
            "size": {
                "x": 139.1999969482422,
                "y": 21.299999237060547
            }
        },
        "Color": {
            "font_size": 14.0,
            "offset": {
                "x": 50.0,
                "y": 227.0
            },
            "size": {
                "x": 139.1999969482422,
                "y": 21.299999237060547
            }
        },
        "Date": {
            "font_size": 14.0,
            "offset": {
                "x": 50.0,
                "y": 99.0
            },
            "size": {
                "x": 139.1999969482422,
                "y": 21.299999237060547
            }
        },
        "Email": {
            "font_size": 14.0,
            "offset": {
                "x": 50.0,
                "y": 163.0
            },
            "size": {
                "x": 139.1999969482422,
                "y": 21.299999237060547
            }
        },
        "Model": {
            "font_size": 14.0,
            "offset": {
                "x": 50.0,
                "y": 179.0
            },
            "size": {
                "x": 139.1999969482422,
                "y": 21.299999237060547
            }
        },
        "Name": {
            "font_size": 14.0,
            "offset": {
                "x": 50.0,
                "y": 131.0
            },
            "size": {
                "x": 139.1999969482422,
                "y": 21.299999237060547
            }
        },
        "Note for customer": {
            "font_size": 14.0,
            "offset": {
                "x": 50.0,
                "y": 243.0
            },
            "size": {
                "x": 139.1999969482422,
                "y": 21.299999237060547
            }
        },
        "Phone": {
            "font_size": 14.0,
            "offset": {
                "x": 50.0,
                "y": 115.0
            },
            "size": {
                "x": 139.1999969482422,
                "y": 21.299999237060547
            }
        },
        "Price": {
            "font_size": 14.0,
            "offset": {
                "x": 320.0,
                "y": 259.0
            },
            "size": {
                "x": 139.1999969482422,
                "y": 21.299999237060547
            }
        },
        "Repair number": {
            "font_size": 14.0,
            "offset": {
                "x": 50.0,
                "y": 83.0
            },
            "size": {
                "x": 139.1999969482422,
                "y": 21.299999237060547
            }
        },
        "SN / IMEI": {
            "font_size": 14.0,
            "offset": {
                "x": 50.0,
                "y": 211.0
            },
            "size": {
                "x": 139.1999969482422,
                "y": 21.299999237060547
            }
        },
        "Surname": {
            "font_size": 14.0,
            "offset": {
                "x": 50.0,
                "y": 147.0
            },
            "size": {
                "x": 139.1999969482422,
                "y": 21.299999237060547
            }
        },
        "Terms & Conditions": {
            "font_size": 14.0,
            "offset": {
                "x": 50.0,
                "y": 275.0
            },
            "size": {
                "x": 139.1999969482422,
                "y": 21.299999237060547
            },
            "text": "  "
        }
    }
}
